s,quadrupole_param_1,quadrupole_param_2,X,X_prime,Y,Y_prime
0.0,1.0171854553210535,-0.965107299592609,0.3704265769125856,0.11827259819042349,0.4270467611658289,0.17531981797154564
0.05900473933649289,1.0367283141446502,-1.0062923308590774,0.37718351509771775,0.11081749681741755,0.4385878350349226,0.21571778492689064
0.11800947867298578,1.0417177354734974,-0.9988664288929214,0.3835124794728639,0.10311101166473025,0.45248486128700854,0.2559626917566788
0.17701421800947867,1.0077384448021762,-0.9548226901899887,0.389320710474583,0.09370308641784411,0.46882379823621056,0.2978854648446264
0.23601895734597156,0.9666060197918638,-1.0221501812547884,0.39453893399457346,0.08299890067769906,0.48767342033750105,0.34123003141319286
0.2950236966824644,1.0292002299736072,-0.9695523355107839,0.39911506929467955,0.07218277804065606,0.5090927669431956,0.38470609058306277
0.35402843601895734,0.9854307144714436,-0.9721395922944852,0.4030551779934073,0.061555968083729734,0.5330779857206672,0.4280731436502527
0.41303317535545025,1.0284170338466072,-0.9569233056041448,0.4063840252021567,0.050859072365142186,0.5596084189220549,0.4718158547852001
0.4720379146919431,0.9734555886545516,-0.9798401810123928,0.4090313790656089,0.038742786490712965,0.5888015259711843,0.5179596415959986
0.531042654028436,1.0362052389003091,-0.9657654572928966,0.4109185184793491,0.02481843327977378,0.6208022712912556,0.5674592525135063
0.5900473933649288,0.9944909636033749,-0.9612075742090976,0.41198995346005035,0.011888680284386567,0.6557391297208129,0.6163018693928216
0.6490521327014218,0.990955678392831,-0.9742835445095392,0.41230432710777465,-0.001482275967751922,0.6935816541352086,0.6669845259018379
0.7080568720379147,1.014182280594866,-0.9527955987649364,0.4118062929889739,-0.01545789636550617,0.7344907916680058,0.7199868576996808
0.7670616113744075,0.0,-0.0,0.4106114155353196,-0.01881967301680317,0.7783336622770511,0.754698534963607
0.8260663507109005,0.0,-0.0,0.4097903498306052,-0.009085104193323243,0.8231585931967942,0.764637257035813
0.8850710900473934,0.0,-0.0,0.40940457782180545,-0.0017315778635256917,0.8689002284303062,0.7794179556719028
0.9440758293838862,0.0,-0.0,0.4094230474506554,0.004554166482367318,0.915568541320565,0.7956605743193759
1.0030805687203792,-1.0139963078212244,1.0268994808148355,0.4100424089624875,0.014168330903938209,0.962574633880509,0.8022275777416883
1.062085308056872,-1.0100250561253448,0.9782049039766003,0.41149038567999463,0.02981665072933389,1.0092513890733175,0.792196486859683
1.121090047393365,-0.9838110864983253,1.0219440839606824,0.4140257186858935,0.05251329645142938,1.0548536164193303,0.7628626472315567
1.1800947867298577,-0.9691230777494418,0.9775626147208717,0.4179381668229247,0.08158087372782725,1.0985580519960458,0.7157392290528604
1.2390995260663507,-1.0237202611136993,0.9668210574976397,0.42354850669385263,0.11465042338085846,1.1394633584381244,0.656557227156498
1.2981042654028436,-1.0045823235149094,0.9523067605282277,0.43120121800597744,0.14782042356243494,1.17660746061042,0.5948666077210705
1.3571090047393364,-0.9931031181454394,1.0215328737617109,0.44090965398933235,0.18151210911752078,1.2098208180390926,0.5298758393950237
1.4161137440758294,-1.0394882942840782,0.9946363413546477,0.452576459222429,0.21445829603677824,1.2392490390301705,0.4660922297175901
1.4751184834123223,-1.0354513355770782,0.984459484240452,0.4661937607811514,0.24657461535561898,1.2648811642349425,0.40436407166673094
1.534123222748815,-0.9585748077987152,1.0493816121777004,0.4817681660380447,0.2815542240191608,1.286711874222435,0.335255781100609
1.593127962085308,-0.9532126554477709,1.0128995748857061,0.4994637195069264,0.31862878558095725,1.3043338782429121,0.2615280011237882
1.652132701421801,-0.9778635365453818,0.9649910154581173,0.5193563726401317,0.355769551878564,1.3176334657278244,0.1891467879381708
1.7111374407582938,-0.957904593652542,0.9752799668337785,0.5414585048225201,0.39298003253597913,1.326681679981042,0.11870270375635583
1.7701421800947867,0.0,-0.0,0.5654667590211284,0.41364276550528556,1.33232682691571,0.090012165582401
1.8291469194312795,0.0,-0.0,0.589991972281142,0.41808720045638914,1.3379788484627977,0.10044899790424208
1.8881516587677725,0.0,-0.0,0.6148442276411422,0.4244789954631364,1.3440790267325593,0.10581324114358769
1.9471563981042654,0.0,-0.0,0.6400680037882258,0.4304791440219903,1.3504993649325319,0.11179189430795254
2.0061611374407584,0.0,-0.0,0.6656429220153821,0.4363813190668906,1.3572696583430144,0.1176752163921746
2.065165876777251,0.0,-0.0,0.6915632420395188,0.4421868958371716,1.3643843105879991,0.12346422617732664
2.124170616113744,0.0,-0.0,0.7178233014539787,0.4478972774670036,1.3718377819319223,0.12916003668218934
2.183175355450237,0.0,-0.0,0.7444175240700847,0.45351388561726064,1.379624606476744,0.13476381078638766
2.24218009478673,0.0,-0.0,0.7713404200637337,0.45903816030490685,1.3877393924438008,0.1402767604851587
2.3011848341232226,0.0,-0.0,0.7985865859753989,0.46447155990299627,1.3961768221738073,0.14570014688935196
2.3601895734597154,0.0,-0.0,0.8261507047101277,0.46981556114067313,1.4049316521268544,0.15103528022542934
2.4191943127962086,0.0,-0.0,0.8540275455375435,0.47507165910317184,1.4139987128824105,0.15628351983546507
2.4781990521327013,0.0,-0.0,0.8822119650067877,0.4802413623189444,1.4233729126544745,0.16144626322677924
2.537203791469194,0.0,-0.0,0.9106989109023235,0.48532617933599465,1.4330492517079632,0.16652490811502477
2.5962085308056873,0.0,-0.0,0.939483418971103,0.4903276346693785,1.443022809068141,0.17152088987462707
2.65521327014218,0.0,-0.0,0.968560614384225,0.4952472493462884,1.4532887486599169,0.17643565027629962
2.7142180094786728,0.0,-0.0,0.9979257119875181,0.5000865390670631,1.4638423203016766,0.18127063390023995
2.773222748815166,0.0,-0.0,1.02757401630154,0.5048470142051883,1.4746788597052818,0.1860272881361297
2.8322274881516587,0.0,-0.0,1.0575009215215774,0.5095301798072956,1.4857937884760701,0.19070706318313443
2.8912322274881515,0.0,-0.0,1.087701911517647,0.5141375355931638,1.4971826141128561,0.19531141204990388
2.9502369668246446,0.0,-0.0,1.1181722919220987,0.5186728042503387,1.508840664197785,0.1998440132730116
3.0092417061611374,1.0217113310042574,-0.9975754533946689,1.1489057235633258,0.523154324655975,1.5207616311818086,0.20432313300866328
3.06824644549763,1.0329473137177285,-0.9607936379160507,1.1798979757447967,0.5275838075150696,1.5329412975553192,0.2087504552222875
3.1272511848341233,0.9862728431151027,-0.9616987166523667,1.211145359609977,0.5319588698517481,1.545375983199298,0.2131235815217205
3.186255924170616,0.9611698125985204,-0.973039849328286,1.242644210941087,0.5362772949893165,1.5580620323495384,0.21744028029778817
3.245260663507109,1.0333212800663438,-1.0023745853162873,1.274390890159103,0.5405370325502606,1.5709958135966477,0.2216984867243062
3.304265402843602,0.9512517663712242,-1.0126392906133381,1.3063817823237571,0.5447361984562467,1.5841737198860453,0.22589630275808
3.363270142180095,1.018225897552006,-0.9769254292367588,1.3386132971335365,0.5488730749281207,1.5975921685179633,0.23003199713890463
3.4222748815165875,0.9787812992438604,-0.9756998695861661,1.3710818689256843,0.5529461104859089,1.6112476011474473,0.23410400538956494
3.4812796208530803,0.9825768992820408,-0.9801913835934796,1.4037839566761985,0.5569539199488178,1.6251364837843554,0.23811092981583543
3.5402843601895735,1.0021115608193643,-0.9930623530364321,1.436716043999834,0.560895284435234,1.6392553067933586,0.2420515395064804
3.5992890995260662,1.0150846633371589,-0.9637725000412807,1.4698746391500996,0.5647691513627237,1.6536005848939408,0.24592477033325377
3.658293838862559,0.952975948516892,-1.0284772180339166,1.5032562750192606,0.5685746344480338,1.6681688571603985,0.24972972495089923
3.717298578199052,0.9968353796009723,-1.0357568036750882,1.5368575091383379,0.572311013707091,1.6829566870218415,0.2534656727971502
3.776303317535545,0.0,-0.0,1.5706749236771071,0.5759777354550023,1.6979606622621919,0.2571320500927298
3.8353080568720377,0.0,-0.0,1.6047051254441003,0.5795744123060546,1.7131773950201852,0.26072845984135085
3.894312796208531,0.0,-0.0,1.6389447458866047,0.5831008231737149,1.7286035217893694,0.26425467182971596
3.9533175355450236,0.0,-0.0,1.673390441090663,0.5865569132706306,1.7442357034181053,0.26771062262751727
4.012322274881517,-0.9753806980872017,0.9816799617648992,1.7080388917810736,0.5899427941086288,1.760070625109567,0.27109641558743686
4.071327014218009,-1.0104509645475597,0.9508677721459681,1.7428868033213902,0.5932587434987171,1.7761049964217408,0.2744123208451464
4.130331753554502,-0.9803146091146184,0.9599831610766331,1.7779309057139225,0.5965052055510828,1.7923355512674268,0.2776587753193074
4.1893364928909955,-1.0397145398306968,0.9676749124377404,1.8131679535997356,0.5996827906750936,1.8087590479142368,0.28083638271157085
4.248341232227488,-0.9906507608755784,0.9554882841294445,1.8485947262586486,0.602792275579297,1.825372268984596,0.2839459135065777
4.307345971563981,-1.0029722436030393,0.9661452943719315,1.8842080276092394,0.6058346032714211,1.8421720214557429,0.28698830497195854
4.366350710900474,-1.0358244696215633,0.9504666737225353,1.9200046862088391,0.6088108830583738,1.8591551366597279,0.28996466115833364
4.4253554502369665,-0.9836536834142069,1.0094449547043458,1.9559815552535333,0.6117223905462429,1.876318470283415,0.29287625289931285
4.48436018957346,-0.9656320539991404,1.0005830609886874,1.9921355125781668,0.6145705676402967,1.8936589023684811,0.2957245178114961
4.543364928909953,-1.0082147553458995,0.9805824209526488,2.0284634606563365,0.6173570225449833,1.9111733373114153,0.29851106029447283
4.602369668246445,-0.98897669585998,1.0268047696928833,2.0649623266003956,0.620083529763931,1.9288587038635197,0.301237651530822
4.661374407582938,-0.9500148549986902,0.9664285649388489,2.101629062161455,0.6227520300999484,1.94671195513091,0.3039062294861127
4.720379146919431,-1.0398127033256321,1.0221464694121227,2.1384606437293776,0.6253646306550238,1.964730068574514,0.30651889890890327
4.779383886255924,0.0,-0.0,2.175454072332786,0.6279236048303259,1.9829100460100726,0.3090779313307423
4.838388625592417,0.0,-0.0,2.2126063736390544,0.6304313923262036,2.0012489136081397,0.3115857650661677
4.897393364928909,0.0,-0.0,2.249914597954314,0.6328905991421855,2.0197437218940815,0.31404500521270706
4.956398104265403,0.0,-0.0,2.2873758202234535,0.6353039975769808,2.0383915457480777,0.31645842365087806
5.015402843601896,0.0,-0.0,2.324987140030114,0.6376745262284782,2.0571894844051206,0.31882895904418784
5.074407582938388,0.0,-0.0,2.362745681596693,0.6400052899937471,2.0761346614550145,0.32115971683913314
5.133412322274881,0.0,-0.0,2.4006485937843456,0.6422995600690367,2.095224224842379,0.32345396926520076
5.1924170616113745,0.0,-0.0,2.43869305009298,0.6445607739497763,2.1144553468666434,0.32571515533486683
5.251421800947867,0.0,-0.0,2.476876248661261,0.6467925354305752,2.1338252241820523,0.3279468808435975
5.31042654028436,0.0,-0.0,2.5151954122666096,0.6489986146052233,2.1533310777976618,0.3301529183698486
5.369431279620853,0.0,-0.0,2.5536477883252,0.6511829478666901,2.1729701530773418,0.33233720727506555
5.4284360189573455,0.0,-0.0,2.592230648891964,0.6533496379071252,2.192739719739774,0.33450385370368346
5.487440758293839,0.0,-0.0,2.630941290660589,0.6555029537178587,2.2126370718584534,0.3366571305831273
5.546445497630332,0.0,-0.0,2.6697770349635173,0.6576473305894004,2.2326595278616885,0.33880147762381174
5.605450236966824,0.0,-0.0,2.7087352277719456,0.6597873701114405,2.2528044305326,0.340941501319141
5.664454976303317,0.0,-0.0,2.7478132396958292,0.661927840172849,2.273069147009121,0.3430819749455093
5.723459715639811,0.0,-0.0,2.7870084659838756,0.6640736749616764,2.293451068783999,0.3452278385623003
5.782464454976303,0.0,-0.0,2.82631832652355,0.6662299749651528,2.3139476117047924,0.34738419901188766
5.841469194312796,0.0,-0.0,2.865740265841072,0.668402006969689,2.3345562159738735,0.34955632991963437
5.900473933649289,0.0,-0.0,2.9052717531014176,0.6705952040608752,2.355274346148428,0.3517496716938935
5.959478672985782,0.0,-0.0,2.9450125297121352,0.6765845953318012,2.376020219362815,0.3509465628657458
6.018483412322275,0.9944720199330142,-0.9693841347271687,2.9853894760014894,0.6803452013587111,2.396482003745398,0.35186932718667135
6.077488151658768,1.0174335510348533,-1.0148559417168113,3.022727492093053,0.5754144577926883,2.4196019723382616,0.43973664203476537
6.13649289099526,1.0396207809993765,-0.9889382156588657,3.051620341044313,0.39536409385137017,2.449713755841129,0.5878789436022986
6.1954976303317535,0.9630298618270875,-1.0384335037406238,3.069515720613498,0.2115584052666339,2.4888892012536057,0.7399286623377714
6.254502369668247,0.9561835990887403,-0.9651054775747957,3.076560824184397,0.026901903217746048,2.5370938430235905,0.8947035593893637
6.313507109004739,1.0331055640377649,-0.9777888128717461,3.0729176828494027,-0.1489642125408901,2.5943435145352725,1.0451755569771908
6.372511848341232,0.9790832672582398,-1.044099152978445,3.0589876975559673,-0.3251356527722366,2.6605085159325736,1.1999623245282334
6.431516587677725,0.9769276652309018,-0.9820611401268722,3.034429022307505,-0.5059164292544146,2.7361541849037883,1.3638236626949438
6.490521327014218,1.0434146023289195,-0.9690272188370428,2.999393621848297,-0.6820685899948292,2.8214800775425797,1.5299159756340215
6.549526066350711,0.9696096145516978,-1.0292841234540147,2.953979267201008,-0.8573776901416709,2.9168048434388445,1.7028456338504843
6.608530805687204,1.0154129388427908,-1.0024108157524587,2.898409036167439,-1.0257140905354247,3.0224014967171557,1.8775682321770768
6.667535545023696,1.0022689773971718,-0.9884716793981805,2.8329156566359543,-1.1921422725727582,3.138597002866745,2.0604050272937884
6.72654028436019,0.9779718952014709,-1.0035875279280417,2.757183076783115,-1.372475304994074,3.2664611215718495,2.272922610218259
6.785545023696682,0.0,-0.0,2.672882591976212,-1.4782154646601988,3.4046414757855015,2.403742753506395
6.844549763033175,0.0,-0.0,2.5850654288589068,-1.4769975251180028,3.5473271371517874,2.406465001936499
6.903554502369668,0.0,-0.0,2.4975561366348966,-1.4884340577849697,3.6900484585106126,2.429972888672215
6.962559241706161,0.0,-0.0,2.4110629327694224,-1.4384402219006425,3.831443353638858,2.3541061137294697
7.021563981042654,-1.0173004435996853,0.9753827632876358,2.3298577234387694,-1.2954263904615966,3.9644599244258143,2.123629586781692
7.080568720379147,-0.953080545678382,0.9652478862047601,2.257436173238837,-1.1577406946081092,4.08293770429236,1.886948450111536
7.139573459715639,-0.9987769091053101,1.0358397752728568,2.1930922358062395,-1.0234999991881637,4.187126806764466,1.6429782590552633
7.1985781990521325,-1.0126344245854246,0.977524931946844,2.136463111649568,-0.8987994656896696,4.276935377394668,1.404520038076094
7.257582938388626,-1.0288052483337111,0.9957048534161025,2.0871465824235753,-0.7724373980368052,4.352420301756354,1.1515213411688172
7.316587677725118,-1.0172287241162528,0.9717181942233867,2.045204825153923,-0.6485599432415396,4.412867028698331,0.8944976880728024
7.375592417061611,-0.9989672878749725,1.0419616464355892,2.0104375172246747,-0.5313811972443467,4.45819519667502,0.6440099263962409
7.434597156398104,-1.0146700470877468,0.977763390933787,1.982558775714827,-0.41420464713273447,4.488603784178806,0.3871449132756082
7.493601895734597,-0.9702376731746836,0.9619213129270497,1.9616046347673657,-0.29627941220774073,4.503690105654295,0.12411299995812641
7.55260663507109,-0.9968012138551361,1.0448157882799798,1.9475614442088087,-0.18002482105622658,4.503272374969632,-0.1378538351133377
7.611611374407583,-0.9988869458188785,1.0295658999433943,1.9402792876434902,-0.06741125271412161,4.487589120397989,-0.3923503577705184
7.670616113744075,-0.9857712717280858,0.9558324160822272,1.9396693366703244,0.04723216095749733,4.456841850960852,-0.6506982744011713
7.729620853080569,0.0,-0.0,1.9458516328153714,0.15508161500911147,4.410854971587401,-0.8910253570913905
7.788625592417062,0.0,-0.0,1.9550060205172626,0.15589608428978022,4.358451144332697,-0.8867800989991257
7.847630331753554,0.0,-0.0,1.964259922384745,0.15777244417135977,4.306182188733592,-0.8849044506506292
7.906635071090047,0.0,-0.0,1.9736249173930756,0.15966167020336236,4.254024284697091,-0.8830159223938605
7.9656398104265405,0.0,-0.0,1.9831017679780776,0.16156387223495391,4.201978195471975,-0.881114404330317
8.024644549763034,0.0,-0.0,1.9926912430668962,0.16347916047305053,4.150044690801941,-0.8791997861970362
8.083649289099526,0.0,-0.0,2.002394118077923,0.1654076454821991,4.098224546925528,-0.8772719573667128
8.142654028436018,0.0,-0.0,2.0122111749207967,0.16734943818457754,4.0465185465761175,-0.8753308068476979
8.201658767772512,0.0,-0.0,2.0221432018237926,0.16930464969241274,3.994927478812289,-0.8733762234472768
8.260663507109005,0.0,-0.0,2.032190993309081,0.1712733911999005,3.943452138994553,-0.8714080958774357
8.319668246445497,0.0,-0.0,2.0423553513913317,0.17325577487463606,3.8920933299676017,-0.8694263118870393
8.378672985781991,0.0,-0.0,2.0526370846999855,0.17525191292063358,3.8408518611993903,-0.8674307591746266
8.437677725118483,0.0,-0.0,2.0630370083952476,0.17726191749608558,3.789728548698606,-0.865421325468525
8.496682464454976,0.0,-0.0,2.073555944168089,0.17928590071336345,3.738724215014658,-0.8633978985268502
8.55568720379147,0.0,-0.0,2.084194720240245,0.18132397463901703,3.687839689237684,-0.8613603661375063
8.614691943127962,0.0,-0.0,2.0949541713642157,0.18337625129377458,3.6370758069985527,-0.8593086161181859
8.673696682464454,0.0,-0.0,2.105835138823266,0.18544284265254318,3.586433410468856,-0.8572425363163697
8.732701421800948,0.0,-0.0,2.1168384704314267,0.18752386064440837,3.535913348360913,-0.8551620146093271
8.79170616113744,0.0,-0.0,2.1279650205334923,0.18961941715263417,3.485516475927775,-0.8530669389041156
8.850710900473933,0.0,-0.0,2.1392156500050223,0.19172962401466329,3.4352436549632155,-0.8509571971375813
8.909715639810427,0.0,-0.0,2.1505912262523426,0.19385459302211705,3.3850957538017363,-0.8488326772763585
8.96872037914692,0.0,-0.0,2.162092623260704,0.19599443587230495,3.33507364736765,-0.8466932673640619
9.027725118483412,1.0368893131385122,-0.9863860526114095,2.173120244812427,0.14460978515295897,3.286090277931078,-0.7632952439224601
9.086729857819906,1.0084075939974877,-1.0466954510551538,2.1779216142950424,0.018032938499741455,3.2468248653412064,-0.5679304797383262
9.145734597156398,1.0157383272221359,-0.9666306729508268,2.1751881333106335,-0.10969608021968993,3.2191184792772147,-0.37289183250044267
9.20473933649289,1.0394225450424455,-1.0197821946523364,2.164995492712109,-0.23560271904755686,3.20277786816994,-0.18126705692556205
9.263744075829385,0.992464012435225,-0.9839274752147826,2.1474546129978047,-0.3591706705562233,3.1976357525181403,0.007499203400170573
9.322748815165877,1.0100522495183055,-1.0283533801622664,2.122535850634814,-0.4851633404505078,3.2038107878017272,0.20180331791086606
9.38175355450237,1.014417187017149,-0.9719092443166862,2.0902390180819457,-0.6085052136944871,3.2214570552956348,0.3954008093391098
9.440758293838861,1.0045453584671535,-0.969018371632924,2.050715776939301,-0.7337445965381387,3.2505821230622307,0.5967908108587723
9.499763033175356,0.9889146693509485,-0.9850449294798731,2.0037815586697647,-0.8568059047522505,3.2918022341031166,0.8010979668530958
9.558767772511848,1.0205337114449993,-1.0320765628554152,1.95008840076058,-0.9642662185170101,3.3444706924820644,0.9873543937263791
9.61777251184834,0.9614290436483509,-0.9741423509261691,1.88976660114566,-1.0805644344686607,3.4088816310039176,1.1979910020323323
9.676777251184834,1.0047392436294134,-1.0125161718227296,1.8228488980963795,-1.186702293332225,3.4855590203064946,1.4012433168648608
9.735781990521327,1.0114463557211029,-0.990822798383102,1.7497763751732538,-1.2905096659975022,3.5743984100263417,1.6129641567032584
9.794786729857819,0.0,-0.0,1.6732450714351597,-1.2948689362996233,3.670553522518963,1.6285608148389745
9.853791469194313,0.0,-0.0,1.596893163012424,-1.2930949419037288,3.766739127836405,1.631644073493418
9.912796208530805,0.0,-0.0,1.520676118792506,-1.2891341330309793,3.86301772894997,1.6290940548429873
9.971800947867298,0.0,-0.0,1.4458612081299662,-1.2386815005141427,3.9556111460047347,1.4992824218684264
10.030805687203792,-1.0239780260987064,1.0483673410363339,1.3748915496889973,-1.1537273292604893,4.03796506534353,1.267935928048817
10.089810426540284,-1.0254449405853148,0.9886581244068937,1.309185519022879,-1.0641836147068624,4.106036368223914,1.0108760005066069
10.148815165876776,-1.046612774146439,0.951977246437339,1.2490250717600913,-0.9841069749747027,4.1582579631356245,0.7641689384840258
10.20781990521327,-0.978362068270412,1.0236752517719576,1.1935557436043245,-0.9116986508700572,4.195538785800577,0.5241259133431035
10.266824644549763,-1.0129619759256574,1.011477623647505,1.1419502451840822,-0.8383550733481699,4.218925150858842,0.26985095168462503
10.325829383886255,-0.9933075920490589,0.972427088485853,1.0945659369728096,-0.768380855937168,4.227345539486694,0.016105669895291164
10.384834123222749,-1.0281070654333047,1.0199665570303944,1.0511441242318016,-0.7038555446355033,4.221130532472713,-0.22721336936714365
10.443838862559241,-0.9615168591154718,1.0162065534954299,1.011423620823756,-0.6426459803175548,4.200704455123499,-0.46585339410949933
10.502843601895734,-0.984877690440593,1.0056335131312177,0.9751904227505414,-0.5861386678592261,4.1664969288225935,-0.6920066005755898
10.561848341232228,-1.0068144933607668,0.9699022931502642,0.9423124454845927,-0.5270825135829125,4.118673109392827,-0.9351040144079015
10.62085308056872,-0.9615809976617377,0.9616052980018732,0.9129689660913329,-0.4683118363077614,4.056146223586941,-1.1814096443827302
10.679857819905212,-0.9521695776364789,0.9668988810540251,0.8869802335800676,-0.4129217631129578,3.9794934760745724,-1.4157028058846917
10.738862559241706,0.0,-0.0,0.8642729928927749,-0.3609839905605977,3.888910177648972,-1.6356931974306335
10.797867298578199,0.0,-0.0,0.8432460032791227,-0.3562918704129451,3.791576338320632,-1.6429360556455506
10.856872037914691,0.0,-0.0,0.8222991545629322,-0.35370256768591846,3.6947110903826523,-1.6403568607025052
10.915876777251185,0.0,-0.0,0.8015072399283021,-0.3510441038815742,3.598000151749032,-1.6377093185961493
10.974881516587677,0.0,-0.0,0.7808755197045891,-0.34831068182566255,3.5014486927285597,-1.6349878271756553
11.03388625592417,0.0,-0.0,0.7604078369230328,-0.3454995602572245,3.4050605230558673,-1.6321896796958335
11.092890995260664,0.0,-0.0,0.7401080584648523,-0.34260813097486076,3.3088394784830917,-1.6293122891940996
11.151895734597156,0.0,-0.0,0.7199805448998428,-0.3396329635141336,3.2127898729713147,-1.6263522819917746
11.210900473933648,0.0,-0.0,0.7000301504863723,-0.33656980514756585,3.1169164986905455,-1.623305497694084
11.269905213270142,0.0,-0.0,0.6802622231713833,-0.3334135808846419,3.02122462601973,-1.620166989190159
11.328909952606635,0.0,-0.0,0.6606826045903947,-0.3301583934718072,2.9257200035467594,-1.6169310226530358
11.387914691943127,0.0,-0.0,0.6412976300674982,-0.3267975233924682,2.830408858068453,-1.6135910775396558
11.446919431279621,0.0,-0.0,0.6221141286153596,-0.3233234288669925,2.7352978945905657,-1.6101398465908654
11.505924170616113,0.0,-0.0,0.6031394229352216,-0.31972774585270913,2.6403942963277984,-1.606569235831417
11.564928909952606,0.0,-0.0,0.5843813294168994,-0.3160012880439078,2.5457057247037786,-1.602870364569967
11.6239336492891,0.0,-0.0,0.5658481581387824,-0.31213404687183965,2.451240319351073,-1.5990335653990775
11.682938388625592,0.0,-0.0,0.5475487128678367,-0.30811519150471695,2.3570066981111895,-1.595048384195216
11.741943127962085,0.0,-0.0,0.529492291059601,-0.30393306884771304,2.2630139570345666,-1.590903580118755
11.800947867298579,0.0,-0.0,0.5116886838581889,-0.29957520354296224,2.1692716703805797,-1.5865871256139719
11.859952606635071,0.0,-0.0,0.49414817609628936,-0.29502829796956037,2.075789890617547,-1.58208620640905
11.918957345971563,0.0,-0.0,0.47688154629516505,-0.29027823224356414,1.9825791484227158,-1.5773872215160767
11.977962085308057,0.0,-0.0,0.4598976457064891,-0.2855543747582332,1.8896621525882162,-1.5714779383299615
12.03696682464455,1.0365111956952955,-1.0178470388539842,0.4428344554515182,-0.29481332150793615,1.7986538111798052,-1.5074696012177016
12.095971563981042,1.009676589530966,-0.9940761237099117,0.4249173758504514,-0.315893407731432,1.7126823645355076,-1.3946515291268662
12.154976303317536,1.028100434752125,-1.0328373652106149,0.40570434092884555,-0.3384634011746852,1.6335148194687648,-1.2751651245882223
12.213981042654028,0.9617626362193493,-0.9835254301274501,0.3851191078654718,-0.35736439590392083,1.5615405997676914,-1.1693542018787366
12.27298578199052,0.956199452015339,-0.9608197851035296,0.3634512569923124,-0.372609812305629,1.4957715461950594,-1.075764987021553
12.331990521327015,0.9891278943346835,-0.970476549719319,0.34103901371018003,-0.3864720357674087,1.435053717588155,-0.9841471449097235
12.390995260663507,1.0126170046988705,-0.9913207389820102,0.3178542384687004,-0.39858715005412415,1.3796644018872757,-0.8959521305290645
12.45,0.9627374076631152,-1.0473824504067677,0.29400051163264407,-0.4094414936095458,1.329422863244883,-0.8083627990098224
12.509004739336493,1.0296277423853109,-1.0437466285662504,0.26956502293254914,-0.4190791006941253,1.2842563951158938,-0.7205282998327206
12.568009478672986,0.9581094414990199,-1.0289656017640625,0.24461707839511987,-0.4270887301602237,1.2442060184277495,-0.6336235786569598
12.627014218009478,1.0315822612231038,-1.0065203112401593,0.21920708460840083,-0.43359493564260754,1.2095267865186692,-0.5437948800819047
12.686018957345972,0.9909119027239791,-1.0454827039734444,0.19347479982141919,-0.43797391805320907,1.1800723899872507,-0.45552966798390526
12.745023696682464,1.013801279172946,-0.9561137524178963,0.16767360117000332,-0.4371147138825195,1.154805472104628,-0.39286232547680444
12.804028436018957,0.0,-0.0,0.14208879415476072,-0.42988617032881854,1.1324807256081664,-0.3633690323838858
12.86303317535545,0.0,-0.0,0.11703581040892135,-0.4172709494303248,1.1116644821441153,-0.3571331657237071
12.922037914691943,0.0,-0.0,0.0928369616176799,-0.4020477094337487,1.0909804324336938,-0.34620305464239204
12.981042654028435,-0.9893402602985171,1.0000985940375682,0.06974577081525804,-0.37804688775883555,1.0701911497516847,-0.371080568857262
13.04004739336493,-0.9927278084803319,1.011897388726185,0.04860116868993858,-0.3328561101993464,1.0467288414936042,-0.42434495601024014
13.099052132701422,-0.9514121133695016,1.0074110386010742,0.03177776484967865,-0.21615741895076193,1.0201672098224546,-0.4754647154780981
13.158056872037914,-1.017191534099389,1.0371210887770774,0.026801904659261747,0.06851690502404427,0.9906970122352626,-0.52250753414537
13.217061611374408,-0.9776317457005508,0.9544325166902312,0.03825459191526924,0.2849383102763363,0.958517412012877,-0.5700056643507311
13.2760663507109,-0.9786422804114429,1.0423946429396207,0.0576082377281566,0.3592993480327925,0.9235909547423955,-0.6150480332298273
13.335071090047393,-1.028410178358549,0.9819499611736076,0.07993815205961931,0.3946639305494524,0.8860932426961421,-0.6552618438001195
13.394075829383885,-1.02380169510592,0.9585291047280944,0.10400483942997543,0.42033735276652295,0.8462524289934994,-0.694459591887989
13.45308056872038,-0.9516808035373444,1.0254604109853271,0.12949333818772868,0.44346514733300235,0.8042125882944551,-0.7301396310413597
13.512085308056871,-0.9811894085017943,0.9733693940571402,0.15634346470911167,0.46676880791178366,0.7601203919222895,-0.7639774616743487
13.571090047393364,-1.0084502819861227,0.986228354055841,0.18460094762610618,0.49117627041084655,0.7140980245619866,-0.795126221721035
13.630094786729858,-1.0251700324792632,1.0063987624515567,0.21436193159313743,0.517943653382778,0.6662743678393512,-0.8256559750803545
13.68909952606635,-1.0364846007731476,1.0147893298056965,0.2457199772844927,0.5444820038883077,0.616838911016934,-0.8477782134932027
13.748104265402842,0.0,-0.0,0.2783801488630503,0.5612520675285362,0.5669193821825006,-0.841066942918335
13.807109004739337,0.0,-0.0,0.31192253179615026,0.5742540994413651,0.5176986991575684,-0.8233685530430316
13.866113744075829,0.0,-0.0,0.3462048972768865,0.5884412316606971,0.4696036839942125,-0.8080338224753424
13.925118483412321,0.0,-0.0,0.38134324657533636,0.6034512326176548,0.422391274906537,-0.7941998389666235
13.984123222748815,0.0,-0.0,0.41738765274981476,0.6183256988856175,0.3759682948012226,-0.779318177265241
14.043127962085308,0.0,-0.0,0.454314531696359,0.6333560422661354,0.33042856401436405,-0.7642287991120918
14.1021327014218,0.0,-0.0,0.49213236832466123,0.6485181667230354,0.2857846705150183,-0.748931827300235
14.161137440758294,0.0,-0.0,0.5308480051407891,0.6637842841679275,0.2420513119498378,-0.7333858913606311
14.220142180094786,0.0,-0.0,0.5704666422471822,0.6791229144602025,0.1992452956430733,-0.7175081275621448
14.279146919431279,0.0,-0.0,0.6109916601575996,0.6944996613468859,0.15739006293542643,-0.7010839316314119
14.338151658767773,0.0,-0.0,0.6524242329660672,0.7098787773908066,0.11653501990375835,-0.6833319999343395
14.397156398104265,0.0,-0.0,0.6947633758137044,0.7252225467825579,0.07690076858389319,-0.6599942514360158
14.456161137440757,0.0,-0.0,0.73800577632311,0.7404844020580309,0.038996829700116586,-0.6075252446220041
14.515165876777251,0.0,-0.0,0.7821441232111918,0.7555501076209197,0.015618209337743699,0.10896842067286694
14.574170616113744,0.0,-0.0,0.8271503685055559,0.7697500766733042,0.04410330798316487,0.6199093473586152
14.633175355450236,0.0,-0.0,0.8729570458315155,0.7826952321362068,0.08216716938648462,0.6615148965950158
14.69218009478673,0.0,-0.0,0.9194940914072908,0.7945348840426271,0.12176064354485097,0.6793047304394726
14.751184834123222,0.0,-0.0,0.9667010214183718,0.8054245659046775,0.16224243382094933,0.6923827101092791
14.810189573459715,0.0,-0.0,1.0145257363572697,0.8154927646849597,0.20343021204834966,0.703381702596764
14.869194312796209,0.0,-0.0,1.0629228511255966,0.8248460116283187,0.2452274448445644,0.7132762689570215
14.928199052132701,0.0,-0.0,1.1122061241449341,0.8408273154558359,0.28747337734775363,0.7199379697002581
14.987203791469193,0.0,-0.0,1.1623322542143513,0.8561479970071594,0.33011691217326344,0.725943825351856
15.046208530805687,1.0340355999829822,-1.0049809003254038,1.21242679562691,0.851862310942721,0.37339328990661,0.7377409132162217
15.10521327014218,1.0438967066788594,-1.0071064413864232,1.2614486869944974,0.8190902958884047,0.41762244299772094,0.7586303810536119
15.164218009478672,1.0207609551483092,-0.9815525334279109,1.3081921048677414,0.7590670200970098,0.46320839464475205,0.788751759043376
15.223222748815166,0.9831028063573759,-0.9633961309081602,1.3512864637360058,0.6831425814482485,0.5106392587940832,0.8250829597839564
15.282227488151658,1.0183734784984175,-0.9501216220915276,1.3894917079788622,0.6082863642499389,0.5603973408754965,0.8628609400598016
15.34123222748815,0.9749403852371176,-1.0080033000763404,1.4231434136679648,0.5313492743557513,0.612494952952734,0.903391890827009
15.400236966824645,0.9775098029334421,-0.9565736825954827,1.452217411949257,0.45269142963100606,0.6670486658877675,0.946558984038694
15.459241706161137,1.0031680254395523,-1.0035038222302213,1.4766029381650045,0.37333218969936016,0.7242228668379953,0.9922170390288808
15.51824644549763,0.9662449910096752,-0.9593826702409407,1.4962308865532181,0.293158852724974,0.7841924199458914,1.040786324187622
15.577251184834124,0.9830014552101406,-1.03692407879216,1.5110736843566988,0.21092833003518752,0.8471427266645016,1.0932520011137965
15.636255924170616,1.0224027586673654,-1.012954812975433,1.5210671842501642,0.12794881491536914,0.9132898367395085,1.1492279103083445
15.695260663507108,1.0391616967796697,-1.0299745771457267,1.526272271057333,0.048620790596849595,0.9827652127046006,1.2062240804449285
15.754265402843602,0.0,-0.0,1.5267701117906527,-0.024574471302101174,1.0557277780620042,1.2626559950315515
15.813270142180095,0.0,-0.0,1.5254537083626494,-0.020066813813442795,1.1303641619924618,1.2671665214711387
15.872274881516587,0.0,-0.0,1.5243996157893698,-0.015682299785915073,1.205263000797996,1.2715530841303369
15.931279620853081,0.0,-0.0,1.523600739749338,-0.011415176118857841,1.2804171574816423,1.2758216200636665
15.990284360189573,-0.961726383427754,1.038414595072662,1.5231283483679867,0.002801459568462431,1.3557512406655696,1.2709688116114368
16.049289099526067,-1.037744684202694,1.008150322595111,1.5260217169036598,0.10239469181999242,1.428497695295184,1.1877953492538083
16.108293838862558,-0.994536451628257,0.9863919964468051,1.5349734903902306,0.19972244418264049,1.4960481541629735,1.102383577866365
16.167298578199052,-0.977188515100475,0.9835506242264527,1.5496056002576963,0.2947646646481078,1.5585152918522647,1.0159452408749527
16.226303317535546,-1.014034228033179,0.9659868715984811,1.5697447238102253,0.3883688590485542,1.615898744320877,0.928191930692558
16.285308056872037,-0.980735768966948,0.9919645626963761,1.595521223639591,0.4856997311491559,1.6679249641519986,0.8346127067589986
16.34431279620853,-1.0012619032013925,0.9630554273481067,1.6270845158480371,0.5854755110475649,1.714340338013003,0.7371631195535198
16.403317535545025,-0.9642623891918038,0.9605590545436765,1.6646689041439429,0.6901605360790359,1.754842724558516,0.6339566809674003
16.462322274881515,-1.0185571426942446,0.9794427615453569,1.7084712807752482,0.793209639668128,1.7892183807210156,0.5326082744946506
16.52132701421801,-0.990750883170377,1.0455255838063988,1.7583673860465157,0.8977208968577685,1.817621307039743,0.4306305040346166
16.580331753554503,-0.9727050216102845,0.979694456685094,1.8145771226791592,1.008838921322889,1.8398973356400201,0.32344276080152057
16.639336492890994,-1.0383183322562008,0.9796735193786694,1.87747518252104,1.1232191588496956,1.8557809651563373,0.21526508935543276
16.698341232227488,-1.0089166034348465,1.045132320148583,1.9471454250389262,1.2374672986210575,1.8653417961764427,0.11018176736034646
16.757345971563982,0.0,-0.0,2.021364384709155,1.258014735573898,1.8708693226286897,0.09650783443156956
16.816350710900473,0.0,-0.0,2.0956378324131486,1.2614860932043965,1.876694972704616,0.099060393507632
16.875355450236967,0.0,-0.0,2.1701585688391836,1.2644278242075206,1.882627091711005,0.10200240453132385
16.93436018957346,0.0,-0.0,2.2448511326088476,1.2673115998763402,1.8887310562929203,0.10488651058420556
16.99336492890995,0.0,-0.0,2.3197121695597254,1.2701394337159484,1.8950035149911317,0.10771471766584945
17.052369668246445,0.0,-0.0,2.394738473773752,1.2729131923905868,1.9014412640113956,0.11048888699637871
17.11137440758294,0.0,-0.0,2.4699269277185563,1.2756346750618188,1.9080411877563503,0.1132108127032271
17.17037914691943,0.0,-0.0,2.545274502214964,1.278305613433394,1.9148002587932116,0.11588222186508525
17.229383886255924,0.0,-0.0,2.6207782564370135,1.2809276717512474,1.9217155378537736,0.11850477451190111
17.288388625592418,0.0,-0.0,2.6964353379119275,1.283502446803499,1.9287841738344058,0.12108006362487908
17.34739336492891,0.0,-0.0,2.772242982520127,1.2860314679204545,1.936003403796056,0.12360961513648033
17.406398104265403,0.0,-0.0,2.8481985144952437,1.288516196974606,1.9433705529642498,0.12609488793042345
17.465402843601897,0.0,-0.0,2.924299346424097,1.2909580283806295,1.9508830347290882,0.12853727384168337
17.524407582938387,0.0,-0.0,3.0005429792467,1.2933582890953879,1.9585383506452505,0.13093809765649192
17.58341232227488,0.0,-0.0,3.076927002256282,1.295718238617929,1.9663340904319937,0.1332986171123382
17.642417061611376,0.0,-0.0,3.1534490930992534,1.298039068989486,1.9742679319731506,0.1356200228979678
17.701421800947866,0.0,-0.0,3.230107017775225,1.300321904793478,1.9823376413171319,0.1379034386533831
17.76042654028436,0.0,-0.0,3.3068986043862023,1.3025678231574196,1.9905410465818616,0.1401499407020285
17.819431279620854,0.0,-0.0,3.38382165607505,1.3047779237256936,1.998875951391659,0.1423606270891487
17.878436018957345,0.0,-0.0,3.4608740830874036,1.3069532313630974,2.0073402661269233,0.144536521637202
17.93744075829384,0.0,-0.0,3.5380538607940197,1.3090947257869783,2.0159319661986985,0.1466786031949339
17.996445497630333,0.0,-0.0,3.6151103513288816,1.2857015265342862,2.024791064742207,0.16300434246092071
18.055450236966823,0.9853862847751377,-0.99126923464363,3.685382550351359,1.0713938907456653,2.0376240363248774,0.2853722636805741
18.114454976303318,0.9750258011051567,-1.0255983777211815,3.7415184473811016,0.8401576262867403,2.058459727294766,0.4162867086346739
18.17345971563981,0.9933747147818411,-1.0144951249104708,3.7846052158804055,0.6187273289518185,2.086683083481132,0.5413220105187668
18.232464454976302,1.0328709407732664,-1.016359380140299,3.814282843695277,0.3872650328414043,2.122491374247445,0.6725492359885364
18.291469194312796,1.0074418731252621,-0.9586554591155623,3.8304991280670078,0.1661889729802824,2.165975804719124,0.7995610252063511
18.35047393364929,0.9829700363825669,-1.0267813319582009,3.833923935128527,-0.05239417418870296,2.2168770655821857,0.9275782975563944
18.40947867298578,0.9856550170905385,-0.9916142656982108,3.82400956674125,-0.28323348918684543,2.275680617032777,1.0660051032600788
18.468483412322275,0.9573308801748545,-0.9800379219352688,3.8007409456115706,-0.5035020956298126,2.342616295127167,1.2024151553347582
18.52748815165877,0.9573739042843479,-1.0103912521575684,3.76462151099822,-0.7201434174505288,2.4176614111451524,1.3417743737394956
18.58649289099526,0.9690492725016058,-0.9702976947875023,3.715847247477606,-0.9332256072077476,2.501019547426243,1.484944572866245
18.645497630331754,0.9861235861272453,-0.9890045219339815,3.6540999398437943,-1.1600343409321552,2.5933369551963885,1.6458655090276362
18.704502369668248,0.9988691587177639,-0.983214064086853,3.57891143037509,-1.3825203766791465,2.695468306455598,1.8125174907771604
18.76350710900474,0.0,-0.0,3.4940123282116557,-1.5006413890706543,2.8049735262633435,1.9043434222458884
18.822511848341232,0.0,-0.0,3.4044180094828804,-1.5083087525770233,2.918234888102403,1.9133753138293157
18.881516587677723,0.0,-0.0,3.3152713715044504,-1.5058267339304252,3.031388722353392,1.91662741446414
18.940521327014217,0.0,-0.0,3.2264913732222054,-1.4969044895732198,3.1445222180353856,1.911214029234333
18.99952606635071,-0.9615537897563098,1.0218800176501663,3.141600113100378,-1.36174356288197,3.2539117188396216,1.7769868248776168
19.0585308056872,-1.0054836244379293,1.0465167316991693,3.06669797327801,-1.1688920818447857,3.3531269150480414,1.576084119712906
19.117535545023696,-0.9656836819828204,0.9618791799204895,3.003282933656167,-0.9812874686092212,3.440064383321128,1.3699373235704346
19.17654028436019,-0.9869793524362068,0.9627088040397567,2.950776734009599,-0.7987527283439878,3.5147516917912016,1.1605028597442946
19.23554502369668,-0.9545725805639125,1.0412920902785405,2.9090187934977423,-0.6192818546252181,3.576872989889981,0.947287251201175
19.294549763033174,-1.0318958195648493,0.9661824496127019,2.877465537174767,-0.4488538838815388,3.6267015390953565,0.7389736207496775
19.35355450236967,-0.9962831744779592,0.9630891047264722,2.8561894324999626,-0.27349341768224456,3.663818611452416,0.5200155625984547
19.41255924170616,-1.0074063066833927,1.0317001244934751,2.844920642777927,-0.10837559653040935,3.6883531137899133,0.3110890040439154
19.471563981042653,-1.0035968185950646,1.0435872091905711,2.843450173496003,0.05740083414866595,3.700437216860876,0.09977180834465593
19.530568720379147,-0.9579982974375959,0.9567891733412526,2.8516073619373703,0.21939927699153655,3.700240175700467,-0.10672131724242628
19.589573459715638,-0.9884078698081189,0.9879598254286341,2.8693269753553396,0.3820129983178604,3.687884934616552,-0.312680113205464
19.64857819905213,-1.0478548108156647,0.9952232129661411,2.8969378341949374,0.5549732200570463,3.6630717662332777,-0.5292071019121299
19.707582938388626,-1.0156483611280653,0.9857493196214574,2.9349790269097933,0.7334438918863602,3.625322002226166,-0.748237890111873
19.766587677725116,0.0,-0.0,2.979811717014025,0.7627081186990144,3.5793657982088383,-0.7804280953712757
19.82559241706161,0.0,-0.0,3.024868199111132,0.7645076210078853,3.533369927598139,-0.778628679922667
19.884597156398105,0.0,-0.0,3.0700308671080343,0.7663073424763749,3.4874802382120436,-0.7768290305545487
19.943601895734595,0.0,-0.0,3.115299732215984,0.7681072254742648,3.441696742132085,-0.7750292051570852
20.00260663507109,0.0,-0.0,3.160674802267257,0.7699072120478183,3.3960194480119728,-0.7732292618922642
20.061611374407583,0.0,-0.0,3.206156081677641,0.7717072442566678,3.350448361091059,-0.7714292588590785
20.120616113744074,0.0,-0.0,3.2517435714453855,0.7735072641830517,3.3049834831946137,-0.769629254084319
20.179620853080568,0.0,-0.0,3.2974372691512084,0.7753072139318146,3.259624812733817,-0.7678293055225737
20.238625592417062,0.0,-0.0,3.343237168958282,0.7771070356304061,3.2143723447057786,-0.7660294710562291
20.297630331753552,0.0,-0.0,3.389143261612239,0.7789066714288818,3.169226070693523,-0.7642298084954694
20.356635071090047,0.0,-0.0,3.4351555344411833,0.7807060634999036,3.1241859788659894,-0.7624303755782764
20.41563981042654,0.0,-0.0,3.4812739713556695,0.7825051540387384,3.0792520539780406,-0.7606312299704301
20.47464454976303,0.0,-0.0,3.5274985528487153,0.7843038852632594,3.0344242773704604,-0.7588324292655083
20.533649289099525,0.0,-0.0,3.5738292559958076,0.7861021994139453,2.9897026269699425,-0.7570340309848864
20.59265402843602,0.0,-0.0,3.6202660544548864,0.7879000387538806,2.9450870772891076,-0.7552360925777378
20.65165876777251,0.0,-0.0,3.666808918467614,0.7896973455717589,2.9005775994285816,-0.7534386714177888
20.710663507109004,0.0,-0.0,3.7134578149438133,0.7914940624006808,2.8561741612193385,-0.7516418245668781
20.769668246445498,0.0,-0.0,3.760212707413057,0.7932901319463752,2.81187672714887,-0.7498456088498325
20.82867298578199,0.0,-0.0,3.807073555994564,0.7950854969833512,2.7676852583050287,-0.748050080963066
20.887677725118483,0.0,-0.0,3.854040317433448,0.796880100429452,2.723599712433889,-0.7462552973925226
20.946682464454977,0.0,-0.0,3.9011645497926017,0.8026572959035545,2.6795855423605874,-0.7471267493604413
21.005687203791467,0.9720503480855055,-1.033350540920896,3.9481149772792254,0.7537265172519172,2.635862937086376,-0.7115766868225231
21.06469194312796,1.0340139081223596,-0.9895044072144228,3.9857415255669175,0.5119790008295155,2.5984944498527396,-0.5491626498751867
21.123696682464455,1.0407876869572723,-0.9553300801277165,4.008940930482147,0.2742546180460903,2.570721170977963,-0.39258403196053365
21.182701421800946,0.9958291748944414,-0.9793611453585113,4.017968110491966,0.03033335807718901,2.5522146353570005,-0.23407009846851154
21.24170616113744,0.9740795334978674,-1.0426612601115868,4.012981050423595,-0.20115982352979486,2.5427887404249465,-0.08435563313618347
21.300710900473934,0.9822514719374837,-0.9718426259014589,3.994083732143228,-0.4405828383435142,2.542355464877867,0.07055814422693363
21.359715639810425,1.0024862668023375,-1.0027573011251871,3.961285601331029,-0.6731929841974008,2.55095013933563,0.2223697411386643
21.41872037914692,0.9771655766553126,-0.9832155345660526,3.914811800349749,-0.9025354669089506,2.568532119767967,0.37436143042723047
21.477725118483413,0.9547822767351328,-0.952891851945397,3.854856291182323,-1.1243899630100505,2.5951424226199347,0.5247096761016136
21.536729857819903,0.9608773286015222,-0.9658058519022236,3.7819798901916304,-1.3494834333143337,2.6306378322820008,0.6817927682488591
21.595734597156397,1.0106550737738529,-1.0133982051417536,3.6957256054740313,-1.5707552172280204,2.6756289511648887,0.8418362272256549
21.65473933649289,0.9975031819264917,-0.9729894050733434,3.59663995926171,-1.790818238609256,2.7301031662587536,1.008196972436554
21.713744075829382,0.957653760495977,-1.0244326516576274,3.484772618601048,-1.997317064741178,2.7944782858870956,1.1724592226569313
21.772748815165876,0.0,-0.0,3.361785791714466,-2.1422689574955265,2.8679448831052996,1.2944930558665062
21.83175355450237,0.0,-0.0,3.2354021051939705,-2.129022996312401,2.9444116644550737,1.2870184738621608
21.89075829383886,0.0,-0.0,3.1099063795337636,-2.132414183393002,3.020362893305294,1.2940549959867238
21.949763033175355,0.0,-0.0,2.983887957487691,-2.131304285981667,3.097047528517538,1.2967155593656847
22.00876777251185,-1.0347396072628965,1.035676970965289,2.861116573086066,-2.0120674055751744,3.1704389544466403,1.1707910157243593
22.06777251184834,-0.983243726622112,1.0465185903918877,2.7473321036632847,-1.839300668290869,3.2340626904552128,0.9780655837469368
22.126777251184834,-1.0063761863814489,0.9741788593315829,2.6437523726533216,-1.672395760290732,3.285967346184865,0.7805931637599783
22.185781990521328,-1.029178065090082,0.9994375479264673,2.5496514147488885,-1.519589915283527,3.3263823676725726,0.5905355928463093
22.244786729857818,-1.0313129963014926,1.046801137245281,2.464488967827592,-1.3669480132032805,3.3554023900223906,0.39164271011688034
22.303791469194312,-1.0285839127729675,0.984250737195032,2.388085573816519,-1.2235911742285657,3.3727922339126892,0.19762038796283263
22.362796208530806,-1.0422180837305357,1.0176364516023677,2.3199146044755112,-1.0881996346789782,3.37885229878778,0.008369326059240179
22.421800947867297,-0.9513509399963407,1.0068984905265697,2.25964684895935,-0.9549886411465289,3.373706669261778,-0.18298983559966003
22.48080568720379,-0.9634916895701102,1.00819505977111,2.207324020019068,-0.8182306060889857,3.3570122569668905,-0.3839158965412627
22.539810426540285,-0.9760161454803767,1.0155776715801363,2.163011743479255,-0.6849799794302198,3.3284573187854667,-0.5824582393476165
22.598815165876776,-1.0219581489304772,0.962204879989424,2.1264131541220253,-0.5552940866607953,3.2883626793189644,-0.7771191025371988
22.65781990521327,-1.0263194709894645,0.9827714796059868,2.0974516171222923,-0.42723554718521806,3.236793276673375,-0.9694394693370957
22.716824644549764,-0.9804726094595361,0.9995688229067975,2.0757033775536726,-0.3232194733228749,3.174429364311516,-1.1238820385450967
22.775829383886254,0.0,-0.0,2.0570214661759803,-0.3194573706222268,3.1076854253064377,-1.1239177421283986
22.83483412322275,0.0,-0.0,2.038239771376599,-0.3171527337930663,3.0414367417217427,-1.1216135895481927
22.893838862559242,0.0,-0.0,2.0195952127402172,-0.3148092332597821,2.9753251656427,-1.1192705785823893
22.952843601895733,0.0,-0.0,2.0010902353961817,-0.3124255156215712,2.90935314278456,-1.1168873532831989
23.011848341232227,0.0,-0.0,1.982727178516302,-0.31000039461813306,2.8435230117403876,-1.1144627274059669
23.07085308056872,0.0,-0.0,1.9645084283806646,-0.3075326689399101,2.777837157995963,-1.1119955000535648
23.12985781990521,0.0,-0.0,1.9464364813794397,-0.30502104346605247,2.712298077365334,-1.109484375960536
23.188862559241706,0.0,-0.0,1.9285139440128767,-0.30246412926441735,2.6469083759908023,-1.1069279654930957
23.2478672985782,0.0,-0.0,1.910743532891312,-0.29986044359156966,2.5816707703429502,-1.1043247846491322
23.30687203791469,0.0,-0.0,1.8931280747351653,-0.2972084098927821,2.516588087220626,-1.1016732550582056
23.365876777251184,0.0,-0.0,1.875670506374936,-0.29450635780203405,2.4516632637509326,-1.0989717039815479
23.42488151658768,0.0,-0.0,1.8583738747512093,-0.2917525231420132,2.386899347389253,-1.096218364312064
23.48388625592417,0.0,-0.0,1.8412413369146547,-0.2889450479241146,2.322299495919237,-1.093411374574331
23.542890995260663,0.0,-0.0,1.8242761600260213,-0.28608198034844,2.2578669774527884,-1.0905487789245976
23.601895734597157,0.0,-0.0,1.807481721356144,-0.2831612748037997,2.1936051704300916,-1.0876285271507855
23.660900473933648,0.0,-0.0,1.7908615082859418,-0.28018079186771105,2.1295175636195967,-1.0846484746724887
23.719905213270142,0.0,-0.0,1.774419118306413,-0.2771382983063985,2.0656077561180095,-1.0816063825409723
23.778909952606636,0.0,-0.0,1.7581582590186429,-0.27403146707479453,2.0018794573503147,-1.0784999174391752
23.837914691943126,0.0,-0.0,1.7420827481337988,-0.2708578773165391,1.9383364870697637,-1.0753266516817075
23.89691943127962,0.0,-0.0,1.7261965134731294,-0.26761501436397916,1.874982775357864,-1.0720840632148518
23.955924170616115,0.0,-0.0,1.7105035929679693,-0.26430026973816956,1.8118223626244008,-1.0687695356165632
24.014928909952605,0.9637073509887975,-1.047046720004011,1.6945679617420117,-0.2825626671856564,1.7493986012330172,-1.0437418925980027
24.0739336492891,1.0135433187200036,-1.0133920374605168,1.6759914258628195,-0.35429569918660625,1.6901721133914749,-0.9650643709551708
24.132938388625593,0.9547123116501252,-0.9912146600991936,1.6526645508508664,-0.4515502170057646,1.6360166813096417,-0.8606358209876931
24.191943127962084,0.9673880636859292,-1.0495860835650643,1.6233571826709534,-0.5536614716749308,1.5880518835481594,-0.7512025328807421
24.250947867298578,0.97085851050975,-1.021565387333939,1.587704523941315,-0.6497586596473515,1.546670620840221,-0.6478518846553161
24.309952606635072,0.9584589897009822,-0.9995598634217655,1.5462071339336287,-0.7387649227976821,1.5115391160915883,-0.5520123421682795
24.368957345971562,1.0214537801865988,-0.9693925297676128,1.4998870339413999,-0.8271451954042492,1.481847862968819,-0.4572616105189945
24.427962085308057,0.9965233330492703,-0.9577179269837136,1.448511681015298,-0.9125719957532996,1.4576707476661381,-0.3641251905478297
24.48696682464455,0.9937621077845479,-0.9893461625417951,1.392311573293044,-0.9923830902909756,1.4388202521976279,-0.2746028319145658
24.54597156398104,1.0465738738848942,-1.0302430730592582,1.3316008348420962,-1.0661220942629732,1.4251123044167469,-0.18857582680022522
24.604976303317535,0.9608720480469555,-1.0125014328575237,1.266646684026031,-1.1349882853631168,1.4164593504019458,-0.10414811244620997
24.66398104265403,0.9957885986280387,-0.9546850779446239,1.1976694335045641,-1.2018366037333323,1.4128703544566719,-0.017646271154332316
24.72298578199052,0.9609767068735615,-1.0154886296800691,1.1248371562375075,-1.265853883277362,1.4144348306078136,0.07041555507567313
24.781990521327014,0.0,-0.0,1.0491682744316053,-1.2835927795930446,1.4201459922627906,0.10366922655486939
24.840995260663508,0.0,-0.0,0.9735727137563669,-1.2787395473090126,1.4264053627115425,0.108518785373554
24.9,0.0,-0.0,0.8982676993709782,-1.2737433078418794,1.4329550198848118,0.11350982295042256
